{"cameraMode":{"drawMode":0,"name":"Shaded","section":"Shading Mode"},"sceneLighting":false,"audioPlay":false,"sceneViewState":{"showFog":true,"showMaterialUpdate":false,"showSkybox":true,"showFlares":true,"showImageEffects":true,"showParticleSystems":true},"in2DMode":false,"pivot":{"x":0.01438981294631958,"y":-0.3871419429779053,"z":0.36723288893699648},"rotation":{"x":-0.3280504643917084,"y":-0.6321116089820862,"z":0.3366076350212097,"w":-0.6160463690757752},"size":0.9998510479927063,"orthographic":false}